term,configuration,region,n,consistency,coverage,pri,consistency_sd,consistency_range
1,"{""DIG"": true, ""HC"": true, ""MGT"": true}",central_east,1927,0.9707846699912427,0.5919077108962644,0.9087112135206823,0.005305064165458338,0.012631753421555425
1,"{""DIG"": true, ""HC"": true, ""MGT"": true}",north_west,2558,0.979741716939075,0.6336877558681622,0.9403504466447291,0.005305064165458338,0.012631753421555425
1,"{""DIG"": true, ""HC"": true, ""MGT"": true}",south,1515,0.9834164234127981,0.6447719025141316,0.9550618912082012,0.005305064165458338,0.012631753421555425
2,"{""DIG"": true, ""EXTK"": true, ""HC"": true, ""INT"": true}",central_east,1927,0.9976034321336128,0.4537487369536677,0.9921042535903516,0.055825739853846784,0.11925366350351985
2,"{""DIG"": true, ""EXTK"": true, ""HC"": true, ""INT"": true}",north_west,2558,0.9959268578599189,0.47632597570193963,0.9863989006687384,0.055825739853846784,0.11925366350351985
2,"{""DIG"": true, ""EXTK"": true, ""HC"": true, ""INT"": true}",south,1515,0.878349768630093,0.41146911748295084,0.45493799779140015,0.055825739853846784,0.11925366350351985
3,"{""EXTK"": true, ""FIN"": true, ""HC"": true, ""INT"": true, ""MGT"": true}",central_east,1927,0.997721960184809,0.35692739136936813,0.9909666905955423,0.03616144467916362,0.07691307866260166
3,"{""EXTK"": true, ""FIN"": true, ""HC"": true, ""INT"": true, ""MGT"": true}",north_west,2558,0.9208088815222073,0.34724977903030985,0.6155590996337074,0.03616144467916362,0.07691307866260166
3,"{""EXTK"": true, ""FIN"": true, ""HC"": true, ""INT"": true, ""MGT"": true}",south,1515,0.9973141936820671,0.36747001615801156,0.9893727297411343,0.03616144467916362,0.07691307866260166
