source_region,source_term,target_region,configuration,target_n,available_cases,availability,consistency,coverage,pri,contradiction_rate,consistency_ci_lower,consistency_ci_upper,n_bootstrap,portable,portable_lower_bound
central_east,1,north_west,DIG*HC*EXTK,2558,413,0.1614542611415168,0.9320376450600822,0.5894300001560674,0.7873754113409936,0.16707021791767554,0.9201739302048401,0.9396239117982994,25,True,True
central_east,1,south,DIG*HC*EXTK,1515,224,0.14785478547854786,0.8445770524715971,0.5067740732526544,0.33581679492821903,0.33482142857142855,0.8328858780678997,0.8561959665467858,25,True,True
central_east,2,north_west,HC*INT*EXTK,2558,364,0.1422986708365911,0.8746910547587771,0.5127126185482839,0.544556209251293,0.27472527472527475,0.8580870552518263,0.8927974750411907,25,True,True
central_east,2,south,HC*INT*EXTK,1515,225,0.1485148514851485,0.8218150369632277,0.4943083958330481,0.2040359793931163,0.37333333333333335,0.8053810142582412,0.8393604370759059,25,True,True
central_east,3,north_west,DIG*HC*FIN*INT,2558,238,0.09304143862392494,0.995607565743238,0.46727965950125927,0.9851521834049048,0.01680672268907563,0.9939469785412967,0.9968340115739017,25,True,True
central_east,3,south,DIG*HC*FIN*INT,1515,132,0.08712871287128712,0.8901016945312213,0.42477634217229115,0.4793635947926441,0.30303030303030304,0.8757041029061592,0.9034470702007263,25,True,True
north_west,1,central_east,DIG*HC*INT,1927,301,0.15620134924753504,0.9388632709605849,0.5481051575925748,0.8091499514584629,0.12956810631229235,0.9272554850010679,0.9508629527675891,25,True,True
north_west,1,south,DIG*HC*INT,1515,239,0.15775577557755777,0.8415563758567597,0.5245506391852814,0.3323864633100778,0.3472803347280335,0.8229302494064941,0.8561058078662898,25,True,True
north_west,2,central_east,DIG*HC*FIN*EXTK,1927,180,0.0934094447327452,0.9575453011458198,0.44056499785597814,0.846595560211894,0.1111111111111111,0.9489506216098162,0.9673686060712497,25,True,True
north_west,2,south,DIG*HC*FIN*EXTK,1515,125,0.08250825082508251,0.8877603868285957,0.41806638599329254,0.46696450589379,0.304,0.8695923773958533,0.9024203766712933,25,True,True
